都道府県コード又は市区町村コード,NO,都道府県名,市区町村名,名称,名称_カナ,名称_通称,POIコード,住所,方書,緯度,経度,電話番号,内線番号,法人番号,団体名,利用可能曜日,開始時間,終了時間,利用可能時間特記事項,説明,バリアフリー情報,URL,備考,大分類,中分類,種類分別,地区,所管部室課,用途地域,設置年月日,設置年月日_年(西暦),設置年月日_月,設置年月日_日,敷地面積_(平方メートル),延床面積_(平方メートル),運営形態,取得価格(円),防災拠点指定,再生エネルギー,収入_使用料・手数料等(円),収入_事業収入(円),収入_その他(円),収入合計(円),収支(円),対前年度増加率(％),利用料金収入(円),対前年度比(％),支出_維持管理経費_光熱水費(円),支出_維持管理経費_委託料(円),支出_維持管理経費_使用料・賃借料(円),支出_維持管理経費_修繕料(円),支出_維持管理経費_人件費(円),支出_維持管理経費_その他(円),支出_指定管理料(円),支出_資本的経費_公有財産購入費(円),支出_資本的経費_工事費(円),支出合計(円),支出合計(資本的経費除く)(円),年間開館日数(日),利用者数(人),対前年度比(％),施設稼働率(％),対前年度比(％),利用者１人当たりのコスト(円),市民一人当たりのコスト(円),床面積一人当たりのコスト(円),１日当たりのコスト(円)
282162,101110,兵庫県,高砂市,高砂地区コミュニティセンター,タカサゴチクコミュニティセンター,,1309a,兵庫県高砂市高砂町北本町1110-1,,34.747234,134.802612,079-443-7088,,,高砂地区コミュニティセンター運営協議会,月火水木金土,10:00,21:00,原則、日曜日・年末年始は休み,,スロープ;トイレ;自動ドア;点字ブロック;手摺;エレベーター,,,市民文化系施設,集会施設,コミュニティセンター,高砂,健康文化部くらしと文化室市民活動推進課,商業地域,平成12年4月,2000,04,,1012.43,678.4,協議会運営,183380001,指定避難施設,無,1920,0,0,1920,-2541360,-4.278634402,-,-,0,877824,0,165456,0,1500000,0,0,0,2543280,2543280,315,19263,89.8586556,29.3,97.66666667,132,28,3749,8074
282162,101210,兵庫県,高砂市,西畑1丁目集会所,ニシハタイッチョウメシュウカイショ,,1309a,兵庫県高砂市西畑2-1-15,,34.748378,134.797335,,,,,,,,,,スロープ,,,市民文化系施設,集会施設,地区集会所,高砂,財務部財務室契約管財課,第1種中高層住居専用地域,昭和55年4月16日,1980,04,16,200,100.78,無償貸付(自治会),9450000,無,無,0,0,0,0,0,0,-,-,0,0,0,0,0,0,0,0,0,0,0,-,-,-,-,-,-,0,0,-
282162,101215,兵庫県,高砂市,西畑2丁目集会所,ニシハタニチョウメシュウカイショ,,1309a,兵庫県高砂市西畑2-4-16,,34.747781,134.796049,,,,,,,,,,無,,,市民文化系施設,集会施設,地区集会所,高砂,財務部財務室契約管財課,第2種低層住居専用地域,昭和55年4月16日,1980,04,16,263.35,103.51,無償貸付(自治会),9280000,無,無,0,0,0,0,0,0,-,-,0,0,0,0,0,0,0,0,0,0,0,-,-,-,-,-,-,0,0,-
282162,101220,兵庫県,高砂市,西畑3丁目集会所,ニシハタサンチョウメシュウカイショ,,1309a,兵庫県高砂市西畑3-8-32,,34.74802,134.793883,,,,,,,,,,無,,,市民文化系施設,集会施設,地区集会所,高砂,財務部財務室契約管財課,第2種低層住居専用地域,昭和55年4月16日,1980,04,16,263.36,103.51,無償貸付(自治会),9280000,無,無,0,0,0,0,0,0,-,-,0,0,0,0,0,0,0,0,0,0,0,-,-,-,-,-,-,0,0,-
282162,101225,兵庫県,高砂市,西畑共同自治会館,ニシハタキョウドウジチカイカン,,1309a,兵庫県高砂市西畑4-16-6,,34.750028,134.79243,,,,,,,,,,無,,,市民文化系施設,集会施設,地区集会所,高砂,財務部財務室契約管財課,工業地域,昭和58年12月20日,1983,12,20,497.81,198.68,無償貸付(自治会),21270000,無,無,0,0,0,0,0,0,-,-,0,0,0,0,0,0,0,0,0,0,0,-,-,-,-,-,-,0,0,-
282162,101230,兵庫県,高砂市,紙町労金集会所,カミマチロウキンシュウカイショ,,1309a,兵庫県高砂市荒井町紙町22-12,,34.75884,134.798679,,,,,,,,,,無,,,市民文化系施設,集会施設,地区集会所,荒井,財務部財務室契約管財課,第1種中高層住居専用地域,昭和54年1月6日,1979,01,06,204.42,78.96,無償貸付(自治会),7390000,無,無,0,0,0,0,0,0,-,-,0,0,0,0,0,0,0,0,0,0,0,-,-,-,-,-,-,0,0,-
282162,101235,兵庫県,高砂市,小松原団地自治会集会所,コマツバラダンチジチカイシュウカイショ,,1309a,兵庫県高砂市荒井町小松原5-8-41,,34.767182,134.804697,,,,,,,,,,無,,,市民文化系施設,集会施設,地区集会所,荒井,財務部財務室契約管財課,第1種中高層住居専用地域,昭和60年3月30日,1985,03,30,242.15,123.26,無償貸付(自治会),12150000,無,無,0,0,0,0,0,0,-,-,0,0,0,0,0,0,0,0,0,0,0,-,-,-,-,-,-,0,0,-
282162,101240,兵庫県,高砂市,竜山集会所,タツヤマシュウカイショ,,1309a,兵庫県高砂市竜山1-7,,34.777549,134.79325,,,,,,,,,,無,,,市民文化系施設,集会施設,地区集会所,伊保,財務部財務室契約管財課,第1種中高層住居専用地域,昭和50年2月28日,1975,02,28,164.88,74.53,無償貸付(自治会),4950000,無,無,0,0,0,0,0,0,-,-,0,0,0,0,0,0,0,0,0,0,0,-,-,-,-,-,-,0,0,-
282162,101250,兵庫県,高砂市,三ノ島集会所,サンノシマシュウカイショ,,1309a,兵庫県高砂市伊保崎1-20-4,,34.772384,134.782155,,,,,,,,,,無,,,市民文化系施設,集会施設,地区集会所,伊保,財務部財務室契約管財課,第1種中高層住居専用地域,昭和49年12月10日,1974,12,10,148.87,75.35,無償貸付(自治会),4880000,無,無,0,0,0,0,0,0,-,-,0,0,0,0,0,0,0,0,0,0,0,-,-,-,-,-,-,0,0,-
282162,101255,兵庫県,高砂市,魚橋北集会所,ウオハシキタシュウカイショ,,1309a,兵庫県高砂市阿弥陀町魚橋207-11,,34.792874,134.803228,,,,,,,,,,無,,,市民文化系施設,集会施設,地区集会所,阿弥陀,財務部財務室契約管財課,第1種中高層住居専用地域,昭和59年6月15日,1984,06,15,200,100,無償貸付(自治会),12340000,無,無,0,0,0,0,0,0,-,-,0,0,0,0,0,0,0,0,0,0,0,-,-,-,-,-,-,0,0,-
282162,101260,兵庫県,高砂市,北山集会所,キタヤマシュウカイショ,,1309a,兵庫県高砂市阿弥陀町北山21-2,,34.802156,134.79092,,,,,,,,,,無,,,市民文化系施設,集会施設,地区集会所,阿弥陀,財務部財務室契約管財課,なし（調整区域）,昭和42年3月31日,1967,03,31,215.43,137.46,無償貸付(自治会),2242450,無,無,0,0,0,0,0,0,-,-,0,0,0,0,0,0,0,0,0,0,0,-,-,-,-,-,-,0,0,-
282162,101265,兵庫県,高砂市,北山市住集会所,キタヤマシジュウシュウカイショ,,1309a,兵庫県高砂市阿弥陀町北山45-1,,34.801126,134.793445,,,,,,,,,,無,,,市民文化系施設,集会施設,地区集会所,阿弥陀,財務部財務室契約管財課,なし（調整区域）,昭和45年2月28日,1970,02,28,264.24,100.64,無償貸付(自治会),2500000,無,無,0,0,0,0,0,0,-,-,0,0,0,0,0,0,0,0,0,0,0,-,-,-,-,-,-,0,0,-
282162,101270,兵庫県,高砂市,時光寺町集会所,ジコウジチョウシュウカイショ,,1309a,兵庫県高砂市時光寺町25-10,,34.791463,134.775103,,,,,,,,,,無,,,市民文化系施設,集会施設,地区集会所,中筋,財務部財務室契約管財課,第1種低層住居専用地域,昭和45年2月25日,1970,02,25,259.81,100.64,無償貸付(自治会),8250000,無,無,0,0,0,0,0,0,-,-,0,0,0,0,0,0,0,0,0,0,0,-,-,-,-,-,-,0,0,-
282162,101275,兵庫県,高砂市,牛谷団地集会所,ウシタニダンチシュウカイショ,,1309a,兵庫県高砂市北浜町牛谷718-25,,34.794347,134.758808,,,,,,,,,,無,,,市民文化系施設,集会施設,地区集会所,北浜,財務部財務室契約管財課,第1種低層住居専用地域,昭和49年12月12日,1974,12,12,949.21,120.06,無償貸付(自治会),4840000,無,無,0,0,0,0,0,0,-,-,0,0,0,0,0,0,0,0,0,0,0,-,-,-,-,-,-,0,0,-
282162,101280,兵庫県,高砂市,荒井町新浜自治会集会所,アライチョウシンハマジチカイシュウカイショ,,1309a,兵庫県高砂市荒井町新浜2-2758-31,,34.755362,134.795846,,,,,,,,,,無,,,市民文化系施設,集会施設,地区集会所,荒井,財務部財務室契約管財課,第1種住居地域,平成19年8月22日,2007,08,22,200.17,113.44,無償貸付(自治会),12070000,無,無,0,0,0,0,0,0,-,-,0,0,0,0,0,0,0,0,0,0,0,-,-,-,-,-,-,0,0,-
282162,102210,兵庫県,高砂市,文化会館,ブンカカイカン,,1016a,兵庫県高砂市高砂町朝日町1-2-1,,34.755017,134.804715,,,,,,09:00,22:00,,,スロープ;トイレ;自動ドア;点字ブロック;手摺,http://www.takasago-klp.com/shisetsu_bunka.html,,市民文化系施設,文化施設,文化会館,高砂,健康文化部くらしと文化室文化スポーツ課,第2種住居地域,昭和44年6月,1969,06,,7958.56,4666.32,指定管理,376809553,指定避難施設,無,46980,0,0,46980,-79392668,-11.73060114,10958884,89.80280377,0,0,66288,0,0,5076000,40097000,0,34200360,79439648,45239288,359,72895,112.1910303,33.7,92.58241758,621,493,9695,126015
282162,151110,兵庫県,高砂市,高砂公民館,タカサゴコウミンカン,,1307a,兵庫県高砂市高砂町横町1099-1,,34.746509,134.802173,,,,,,08:30,22:00,,,スロープ;トイレ;自動ドア;手摺;エレベーター,,,社会教育系施設,公民館,公民館,高砂,教育部教育推進室中央公民館,商業地域,昭和37年4月,1962,04,,860.56,991.77,直営,181400000,指定避難施設,無,419357,6920,19420,445697,-7155987,-3.520259397,-,-,1339636,2182323,46945,507276,2929342,596162,0,0,0,7601684,7601684,319,8737,94.15885332,13.6,93.79310345,870,83,7665,23830
282162,151120,兵庫県,高砂市,荒井公民館,アライコウミンカン,,1307a,兵庫県高砂市荒井町扇町2-24,,34.759783,134.795363,,,,,,08:30,22:00,,,スロープ;トイレ;自動ドア;手摺;エレベーター,,,社会教育系施設,公民館,公民館,荒井,教育部教育推進室中央公民館,第1種中高層住居専用地域 他,昭和37年4月,1962,04,,1655.89,881.8,直営,226735800,指定避難施設,無,873307,76300,23759,973366,-6333596,33.49313919,-,-,1192708,2521206,46945,502470,2929342,114291,0,0,0,7306962,7306962,318,19535,97.00084413,32,96.96969697,374,80,8286,22978
282162,151130,兵庫県,高砂市,中央公民館兼伊保公民館,チュウオウコウミンカンケンイホコウミンカン,,1307a,兵庫県高砂市伊保東1-18-6,,34.76856,134.790671,,,,,,08:30,22:00,,,スロープ;トイレ;自動ドア;点字ブロック;手摺;エレベーター,,,社会教育系施設,公民館,公民館,伊保,教育部教育推進室中央公民館,第2種中高層住居専用地域,昭和37年4月,1962,04,,2917.34,2358.76,直営,608201001,指定避難施設,無,1587696,62290,59995,1709981,-15246946,7.878058079,-,-,4428756,3393375,46945,608728,5978567,2500556,0,0,0,16956927,16956927,325,44921,107.4202497,29.7,102.7681661,377,185,7189,52175
282162,151140,兵庫県,高砂市,中筋公民館,ナカスジコウミンカン,,1307a,兵庫県高砂市中筋3-5-24,,34.788332,134.779422,,,,,,08:30,22:00,,,スロープ;トイレ;自動ドア;手摺;エレベーター,,,社会教育系施設,公民館,公民館,中筋,教育部教育推進室中央公民館,なし（調整区域）,昭和37年4月,1962,04,,1152,606,直営,127896000,指定避難施設,無,771957,23150,21219,816326,-6766627,5.637741071,-,-,1691007,2396215,46945,404946,2929342,114498,0,0,0,7582953,7582953,319,13813,96.55389347,39.8,103.9164491,549,83,12513,23771
282162,151150,兵庫県,高砂市,曽根公民館,ソネコウミンカン,,1307a,兵庫県高砂市曽根町2243-13,,34.778814,134.771401,,,,,,08:30,22:00,,,スロープ;トイレ;自動ドア;手摺;エレベーター,,,社会教育系施設,公民館,公民館,曽根,教育部教育推進室中央公民館,近隣商業地域　他,昭和37年4月,1962,04,,862.97,754.16,直営,210185000,指定避難施設,無,745687,29120,18100,792907,-6442409,11.51262733,-,-,1377999,2627604,46945,141026,2929342,112400,0,0,0,7235316,7235316,317,14953,95.77275347,26,91.87279152,484,79,9594,22824
282162,151160,兵庫県,高砂市,米田公民館,ヨネダコウミンカン,,1307a,兵庫県高砂市米田町米田734,,34.778978,134.81331,,,,,,08:30,22:00,,,スロープ;トイレ;自動ドア;手摺;エレベーター,,,社会教育系施設,公民館,公民館,米田,教育部教育推進室中央公民館,第1種住居地域　他,昭和37年4月,1962,04,,1713.14,970.95,直営,240324000,指定避難施設,無,951157,9010,20814,980981,-7071032,5.983558964,-,-,1873410,2343037,239878,486756,2929342,179590,0,0,0,8052013,8052013,317,18976,105.7099883,24.4,104.2735043,424,88,8293,25401
282162,151170,兵庫県,高砂市,阿弥陀公民館,アミダコウミンカン,,1307a,兵庫県高砂市阿弥陀町阿弥陀1173-1,,34.796396,134.781765,,,,,,08:30,22:00,,,スロープ;トイレ;自動ドア;手摺;エレベーター,,,社会教育系施設,公民館,公民館,阿弥陀,教育部教育推進室中央公民館,なし（調整区域）,昭和37年4月,1962,04,,2223.82,840.92,直営,180327800,指定避難施設,無,770267,123842,24406,918515,-6323199,8.433431187,-,-,1376284,2665458,46945,59940,2929342,163745,0,0,0,7241714,7241714,319,21877,100.4407511,24,97.95918367,331,79,8612,22701
282162,151180,兵庫県,高砂市,北浜公民館,キタハマコウミンカン,,1307a,兵庫県高砂市北浜町北脇74-3,,34.785498,134.752239,,,,,,08:30,22:00,,,スロープ;トイレ;自動ドア;手摺;エレベーター,,,社会教育系施設,公民館,公民館,北浜,教育部教育推進室中央公民館,第1種中高層住居専用地域,昭和37年4月,1962,04,,1402.39,793.15,直営,228581000,指定避難施設,無,508257,79392,24014,611663,-6188640,5.520379565,-,-,869330,2397113,46945,380484,2929342,177089,0,0,0,6800303,6800303,319,12985,95.2119079,24.8,92.88389513,524,74,8574,21318
282162,152110,兵庫県,高砂市,図書館,トショカン,,1512a,兵庫県高砂市高砂市米田町米田927-21,,34.774723,134.8109,,,,,,09:30,20:00,,,トイレ;自動ドア;点字ブロック;手摺;エレベーター,http://takasago-lib.jp/,,社会教育系施設,図書館,図書館,米田,教育部教育推進室生涯学習課,第二種住居地域,昭和53年8月1日,1978,08,01,6000.11,2979.22,指定管理,1076569812,無,無,0,0,434931,434931,-117042886,-4.515207262,-,-,0,0,10614240,0,0,2088857,104774720,0,0,117477817,117477817,338,416939,96.9499321,-,-,282,1281,39432,347568
282162,153110,兵庫県,高砂市,高砂市教育センター,タカサゴシキョウイクセンター,,1599a,兵庫県高砂市阿弥陀町生石61-1,,34.782014,134.796317,,,,,,08:30,21:00,,,スロープ;トイレ;自動ドア;手摺;エレベーター,,,社会教育系施設,その他社会教育施設,教育センター,阿弥陀,教育部教育推進室教育センター,第2種住居地域,昭和52年7月,1977,07,,4415.42,1809.58,直営,799474001,無,無,141160,1276404,15913,1433477,-31490021,51.25182943,-,-,2174881,2213891,450040,129596,25113000,2842090,0,0,0,32923498,32923498,244,46846,120.5848284,51.8,112.3644252,703,359,18194,134932
282162,153210,兵庫県,高砂市,申義堂,シンギドウ,,0699a,兵庫県高砂市高砂町横町1074-5,,34.746565,134.800087,,,,,,,,土日祝日 10:00~16:00,,無,"http://www.city.takasago.lg.jp/index.cfm/18,24141,175,html",,社会教育系施設,その他社会教育施設,文化財,高砂,教育部教育推進室生涯学習課,第1種中高層住居専用地域,平成24年1月1日,2012,01,01,501.32,54.44,直営,37572150,無,無,0,0,0,0,-1012253,-4.18134138,-,-,27810,777589,0,64000,0,142854,0,0,0,1012253,1012253,122,3116,146.7043315,33.4,95.15669516,325,11,18594,8297
282162,153220,兵庫県,高砂市,旧入江家住宅,キュウイリエケジュウタク,,0699a,兵庫県高砂市曽根町493,,34.780941,134.773842,,,,,,,,不定期,,無,"http://www.city.takasago.lg.jp/index.cfm/18,0,173,883,html",,社会教育系施設,その他社会教育施設,文化財,曽根,教育部教育推進室生涯学習課,第1種住居地域,平成13年5月1日,2001,05,01,1436.41,298.82,直営,109202000,無,無,0,0,0,0,-1557163,1.524098142,-,-,26822,759020,156720,433080,0,181521,0,0,0,1557163,1557163,8,834,130.3125,-,-,1867,17,5211,194645
282162,153230,兵庫県,高砂市,工楽松右衛門旧宅,クラクマツエモンキュウタク,,0699a,兵庫県高砂市高砂町今津町532,,34.745448,134.802979,079-490-4790,,,,月火水木金土日,09:00,18:00,12/29〜1/3休館,,多目的トイレ(駐車場),https://kurakutei.wixsite.com/kuraku/access,,社会教育系施設,その他社会教育施設,文化財,高砂,教育推進室生涯学習課,近隣商業地域,平成28年1月29日,2016,01,29,651.38,412.22,直営,231820008,無,無,0,0,0,0,-99571328,-143.5260597,-,-,0,7836480,0,0,0,0,0,0,91734848,99571328,7836480,-,-,-,-,-,-,85,19010,-
282162,153310,兵庫県,高砂市,青年の家,セイネンノイエ,,1599a,兵庫県高砂市高砂町向島町1710,,34.735896,134.804201,,,,,,09:00,21:00,,,スロープ;自動ドア,www.bb.banban.jp/taka-seinen-ie/,,社会教育系施設,その他社会教育施設,青年の家,高砂,教育部学校教育室青少年育成課,第2種住居地域,昭和57年4月,1982,04,,52200.43,1957.33,指定管理,228000000,無,無,30200,0,0,30200,-19949800,-0.619271169,2903440,89.30171902,0,0,0,0,0,0,19980000,0,0,19980000,19980000,317,18731,99.90932366,-,-,1067,218,10208,63028
282162,201110,兵庫県,高砂市,総合体育館,ソウゴウタイイクカン,,1110a,兵庫県高砂市米田町島526,,34.781872,134.798601,,,,,,09:00,21:00,,,スロープ;トイレ;自動ドア;点字ブロック;手摺;エレベーター,http://csg-zaidan.or.jp/taiiku/moji/taiikukan1.html,,スポーツ施設,スポーツ施設,体育館,米田,健康文化部くらしと文化室文化スポーツ課,第2種住居地域,平成元年10月,1989,10,,39850,8473.16,指定管理,2299182774,指定避難施設,無,446130,0,0,446130,-70444306,-27.31444746,23918910,97.71558974,0,0,66288,0,0,4063068,55231000,0,11530080,70890436,59360356,331,138675,93.64111498,58.3,98.81355932,428,647,7006,179336
282162,201120,兵庫県,高砂市,生石体育センター,オオシコタイイクセンター,,1110a,兵庫県高砂市阿弥陀町生石52-3,,34.782275,134.796903,,,,,,09:00,21:00,,,スロープ;手すり,http://www.csg-zaidan.or.jp/taiiku/moji/senta-17.html,,スポーツ施設,スポーツ施設,体育館,阿弥陀,健康文化部くらしと文化室文化スポーツ課,第2種住居地域,昭和55年6月,1980,06,,3284.33,963.93,指定管理,105000,無,無,10800,0,0,10800,-2088488,-5.187641527,5728180,97.55074932,0,0,66288,0,0,0,2033000,0,0,2099288,2099288,331,42126,101.4619813,68.1,105.7453416,50,23,2178,6342
282162,201210,兵庫県,高砂市,高砂市民プール,タカサゴシミンプール,,1108a,兵庫県高砂市高砂町松波町440-1,,34.7539,134.796532,,,,,,,,ﾃﾞｲﾀｲﾑ9:00~17:00 ﾅｲﾄﾀｲﾑ18:00~21:00(7月2日~9月4日),,無,http://www.takasago-kyujo-pool.com/pool/index.html,,スポーツ施設,スポーツ施設,市民プール,高砂,健康文化部くらしと文化室文化スポーツ課,第1種住居地域,昭和60年6月26日,1985,06,26,8291.4,961.62,指定管理,266538440,無,無,20835,0,0,20835,-11839165,0.454042301,13879640,94.87672883,0,0,0,0,0,0,11860000,0,0,11860000,11860000,61,45331,94.89627164,-,-,262,129,12333,194426
282162,201310,兵庫県,高砂市,野球場,ヤキュウジョウ,,1103a,兵庫県高砂市米田町島526,,34.781872,134.798601,,,,,,08:30,17:00,,,無,http://www.csg-zaidan.or.jp/taiiku/moji/taiikukan3.html,,スポーツ施設,スポーツ施設,野球場,米田,健康文化部くらしと文化室文化スポーツ課,第2種住居地域,昭和47年9月,1972,09,,39850,3910.76,指定管理,254443100,無,無,79080,0,0,79080,-19594426,0,2674300,87.68052983,0,0,66288,0,0,0,19607218,0,0,19673506,19673506,328,25072,97.01660024,41.7,66.61341853,785,215,5031,59980
282162,201320,兵庫県,高砂市,向島多目的球場,ムコウジマタモクテキキュウジョウ,,1103a,兵庫県高砂市高砂町向島町1474-16,,34.736113,134.804382,,,,,,08:30,21:00,,,トイレ,http://www.takasago-kyujo-pool.com/stadium/index.html,,スポーツ施設,スポーツ施設,野球場,高砂,健康文化部くらしと文化室文化スポーツ課,第2種住居地域,昭和62年3月20日,1987,03,20,52200,108.91,指定管理,30752449,無,無,9800,0,0,9800,-19432776,-0.893006595,5860238,104.1046291,0,0,132576,0,0,0,19310000,0,0,19442576,19442576,308,44650,107.7643424,49.1,98.39679359,435,212,178520,63125
282162,201410,兵庫県,高砂市,陸上競技場,リクジョウキョウギジョウ,,1102a,兵庫県高砂市米田町島526,,34.781872,134.798601,,,,,,,,8:30~17:00(5月1日~9月30日までは19時閉場),,無,http://csg-zaidan.or.jp/taiiku/moji/taiikukan2.html,,スポーツ施設,スポーツ施設,陸上競技場,米田,健康文化部くらしと文化室文化スポーツ課,第2種住居地域,昭和46年7月,1971,07,,39850,4068.17,指定管理,245725000,無,無,29400,0,0,29400,-20433306,-0.00489421,1405390,107.361996,0,0,66288,0,0,0,20396418,0,0,20462706,20462706,331,18861,107.5374879,13.3,91.72413793,1085,223,5030,61821
282162,201510,兵庫県,高砂市,相撲場,スモウジョウ,,1118a,兵庫県高砂市米田町島526,,34.781872,134.798601,,,,,,08:30,17:00,,,無,http://www.csg-zaidan.or.jp/taiiku/moji/taiikukan6.html,,スポーツ施設,スポーツ施設,相撲場,米田,健康文化部くらしと文化室文化スポーツ課,第2種住居地域,昭和53年9月,1978,09,,39850,99.8,指定管理,12295980,無,無,0,0,0,0,-500363,0,-,-,0,0,0,0,0,0,500363,0,0,500363,500363,331,1720,92.67241379,29.9,99.00662252,291,5,5014,1512
282162,251110,兵庫県,高砂市,雇用支援センター,コヨウシエンセンター,,1306a,兵庫県高砂市曽根町1077,,34.785829,134.769465,079-446-8585,,,,月火水木金,08:30,17:15,,,多目的トイレ;自動ドア;点字ブロック;エレベーター,http://www.sjc.ne.jp/takasago/,,産業系施設,産業系施設,産業系施設,曽根,生活環境部環境経済室産業振興課,第1種住居地域,平成13年3月,2001,03,,3354.3,1203.38,貸付,388730001,無,無,0,0,1202610,1202610,1202610,0,-,-,0,0,0,0,0,0,0,0,0,0,0,242,854,131.3846154,-,-,-,0,0,-
282162,251120,兵庫県,高砂市,勤労者総合福祉センター,キンロウシャソウゴウフクシセンター,,1306a,兵庫県高砂市阿弥陀町生石61-2,,34.781747,134.796784,079-447-4110,,,,月火水木金土日,09:00,21:00,,,スロープ;エレベータ;自動ドア;手摺;多目的トイレ;点字ブロック,http://www.fureainosato-ooshiko.or.jp/,,産業系施設,産業系施設,産業系施設,阿弥陀,生活環境部環境経済室産業振興課,第2種住居地域,平成4年9月25日,1992,09,25,6782.87,1842.68,指定管理,4452001,指定避難施設,無,16200,0,75197,91397,-16658759,-20.23387303,10343200,138.0722586,0,0,36156,0,0,0,12934000,0,3780000,16750156,12970156,359,49843,105.2806117,22,115.7894737,260,141,7039,36129
282162,301110,兵庫県,高砂市,高砂小学校,タカサゴショウガッコウ,,1503a,兵庫県高砂市高砂町大工町810-1,,34.745026,134.798043,,,,,,07:30,18:00,,,スロープ;トイレ;手摺,http://www.takasago.ed.jp/~taka-s/,,学校教育系施設,学校,小学校,高砂,教育部教育推進室教育総務課,第1種中高層住居専用地域,明治9年,1876,,,18833.99,10591,直営,1736138707,避難所指定,太陽光発電（10kw）,47770,0,41039,88809,-18545469,16.09893768,-,-,5281267,823164,0,2201905,4256211,2709231,0,0,3362500,18634278,15271778,201,373,103.038674,-,-,40943,167,1442,75979
282162,301120,兵庫県,高砂市,荒井小学校,アライショウガッコウ,,1503a,兵庫県高砂市荒井町東本町10-1,,34.760599,134.796607,,,,,,07:30,18:00,,,スロープ;トイレ;点字ブロック;手摺;エレベーター,http://www.takasago.ed.jp/~arai-s/index2.html,,学校教育系施設,学校,小学校,荒井,教育部教育推進室教育総務課,第1種中高層住居専用地域,明治5年,1872,,,17911.35,8740,直営,2401889826,避難所指定,太陽光発電（10kw）,50460,0,0,50460,-26749684,-6.125947716,-,-,8475037,1061589,0,2911983,9227211,3592924,0,0,1531400,26800144,25268744,201,816,100.2457002,-,-,30967,276,2891,125715
282162,301130,兵庫県,高砂市,伊保小学校,イホショウガッコウ,,1503a,兵庫県高砂市伊保東1-18-1,,34.768823,134.789849,,,,,,07:30,18:00,,,スロープ;トイレ;手摺;エレベーター,http://www.takasago.ed.jp/~iho-s/,,学校教育系施設,学校,小学校,伊保,教育部教育推進室教育総務課,第1種中高層住居専用地域,明治16年,1883,,,20314.91,7988,直営,1489638631,避難所指定,太陽光発電（10kw）,35980,0,35596,71576,-20673089,5.662446601,-,-,6042187,925562,0,1392913,9227211,3156792,0,0,0,20744665,20744665,201,526,97.76951673,-,-,39439,226,2597,103207
282162,301135,兵庫県,高砂市,伊保南小学校,イホミナミショウガッコウ,,1503a,兵庫県高砂市梅井2-4-1,,34.770862,134.780228,,,,,,07:30,18:00,,,スロープ;トイレ;手摺,http://www.takasago.ed.jp/~ihomi-s/,,学校教育系施設,学校,小学校,伊保,教育推進室教育総務課,第1種中高層住居専用地域,昭和57年,1982,,,21435.77,6880,直営,890424522,避難所指定,太陽光発電（10kw）,12200,0,39143,51343,-13954259,19.81729324,-,-,3964715,619206,0,1653725,4256211,2667145,0,0,844600,14005602,13161002,201,299,100,-,-,44017,144,1913,65478
282162,301140,兵庫県,高砂市,中筋小学校,ナカスジショウガッコウ,,1503a,兵庫県高砂市中筋1-2-1,,34.78901,134.774917,,,,,,07:30,18:00,,,スロープ;トイレ;手摺,http://www.takasago.ed.jp/~naka-s/,,学校教育系施設,学校,小学校,中筋,教育部教育推進室教育総務課,第1種中高層住居専用地域,昭和45年,1970,,,25305.11,6386,直営,878368992,避難所指定,太陽光発電（10kw）,10180,0,48511,58691,-14873821,41.52033469,-,-,5372935,943590,0,1614929,4256211,2744847,0,0,0,14932512,14932512,201,278,101.459854,-,-,53714,163,2338,74291
282162,301150,兵庫県,高砂市,曽根小学校,ソネショウガッコウ,,1503a,兵庫県高砂市曽根町2500,,34.776189,134.773009,,,,,,07:30,18:00,,,スロープ;トイレ;手摺,http://www.takasago.ed.jp/~sone-s/,,学校教育系施設,学校,小学校,曽根,教育部教育推進室教育総務課,第1種中高層住居専用地域,明治9年,1876,,,16645.8,7958,直営,1610645109,避難所指定,太陽光発電（10kw）,42400,0,46133,88533,-34688126,-52.55735833,-,-,7092976,676069,0,4338285,9227211,3513678,0,0,9928440,34776659,24848219,201,666,97.36842105,-,-,37310,271,3122,123623
282162,301160,兵庫県,高砂市,米田小学校,ヨネダショウガッコウ,,1503a,兵庫県高砂市米田町米田451,,34.777465,134.808116,,,,,,07:30,18:00,,,スロープ;トイレ;手摺,http://www.takasago.ed.jp/~yoneda-s/,,学校教育系施設,学校,小学校,米田,教育部教育推進室教育総務課,第1種中高層住居専用地域,明治5年,1872,,,27138.05,9615,直営,1044119334,避難所指定,太陽光発電（10kw）,24430,0,108606,133036,-21326386,16.75313759,-,-,7058774,1959540,0,2120636,4256211,3400361,0,0,2663900,21459422,18795522,201,732,103.0985915,-,-,25677,205,1955,93510
282162,301165,兵庫県,高砂市,米田西小学校,ヨネダニシショウガッコウ,,1503a,兵庫県高砂市米田町塩市17-1,,34.780745,134.803608,,,,,,07:30,18:00,,,スロープ;トイレ;手摺,http://www.takasago.ed.jp/~yoneni-s/,,学校教育系施設,学校,小学校,米田,教育部教育推進室教育総務課,第1種低層住居専用地域,昭和55年,1980,,,17319.25,6252,直営,644851516,避難所指定,太陽光発電（10kw）,45700,0,0,45700,-29411485,-23.19983282,-,-,5719517,648164,0,948181,9227211,2697312,0,0,10216800,29457185,19240385,201,424,100,-,-,45378,210,3077,95723
282162,301170,兵庫県,高砂市,阿弥陀小学校,アミダショウガッコウ,,1503a,兵庫県高砂市阿弥陀町阿弥陀1153,,34.79777,134.781057,,,,,,07:30,18:00,,,スロープ;トイレ;手摺;エレベーター,http://www.takasago.ed.jp/~amida-s/index.htm,,学校教育系施設,学校,小学校,阿弥陀,教育部教育推進室教育総務課,なし（調整区域）,明治6年,1873,,,19973.91,7966,直営,1267628865,避難所指定,太陽光発電（10kw）,11050,0,0,11050,-20814416,-7.889401216,-,-,6082323,832850,0,1489089,9227211,3193993,0,0,0,20825466,20825466,201,553,103.7523452,-,-,37659,227,2614,103609
282162,301180,兵庫県,高砂市,北浜小学校,キタハマショウガッコウ,,1503a,兵庫県高砂市北浜町北脇34-5,,34.785101,134.752331,,,,,,07:30,18:00,,,スロープ;トイレ;手摺,http://www.takasago.ed.jp/~kita-s/,,学校教育系施設,学校,小学校,北浜,教育部教育推進室教育総務課,第1種中高層住居専用地域,明治25年,1892,,,20108.71,5625,直営,829255531,避難所指定,太陽光発電（10kw）,37430,0,34668,72098,-18839906,25.98305813,-,-,4043755,506565,0,2511218,9227211,2623255,0,0,0,18912004,18912004,201,289,106.25,-,-,65439,206,3362,94090
282162,301210,兵庫県,高砂市,高砂中学校,タカサゴチュウガッコウ,,1504a,兵庫県高砂市高砂町大工町638,,34.745501,134.798627,,,,,,07:30,18:00,,,スロープ;トイレ;手摺,http://www.takasago.ed.jp/~taka-t/top/top.html,,学校教育系施設,学校,中学校,高砂,教育推進室教育総務課,第1種中高層住居専用地域,昭和22年,1947,,,21238.65,7751,直営,1044632773,避難所指定,太陽光発電（10kw）,7830,0,500,8330,-14850490,53.62127937,-,-,3422993,487748,0,1615865,4256211,3440143,0,0,1635860,14858820,13222960,201,195,89.44954128,-,-,67810,144,1706,65786
282162,301220,兵庫県,高砂市,荒井中学校,アライチュウガッコウ,,1504a,兵庫県高砂市荒井町千鳥3-1-1,,34.766352,134.794815,,,,,,07:30,18:00,,,スロープ;トイレ;手摺,http://www.takasago.ed.jp/~arai-t/,,学校教育系施設,学校,中学校,荒井,教育推進室教育総務課,第1種中高層住居専用地域,昭和23年,1948,,,28694.43,9480,直営,1178467000,避難所指定,太陽光発電（10kw）,18340,0,1000,19340,-30493026,90.85808606,-,-,4512473,837800,0,3571729,9227211,4403553,0,0,7959600,30512366,22552766,201,468,96.09856263,-,-,48190,246,2379,112203
282162,301230,兵庫県,高砂市,竜山中学校,タツヤマチュウガッコウ,,1504a,兵庫県高砂市松陽3-1,,34.779764,134.785602,,,,,,07:30,18:00,,,スロープ;トイレ;手摺,http://www.takasago.ed.jp/~tatu-t/,,学校教育系施設,学校,中学校,伊保,教育部教育推進室教育総務課,なし（調整区域）,昭和60年,1985,,,30227,8970,直営,1093002386,避難所指定,太陽光発電（10kw）,6400,0,1000,7400,-26984938,-62.61799851,-,-,3247675,1135480,0,1965016,4256211,3909856,0,0,12478100,26992338,14514238,201,317,104.2763158,-,-,45786,158,1618,72210
282162,301250,兵庫県,高砂市,松陽中学校,ショウヨウチュウガッコウ,,1504a,兵庫県高砂市松陽1-11-1,,34.776806,134.780591,,,,,,07:30,18:00,,,スロープ;トイレ;手摺,http://www.takasago.ed.jp/~syoyo-t/,,学校教育系施設,学校,中学校,曽根,教育推進室教育総務課,第1種中高層住居専用地域,昭和24年,1949,,,27352,9065,直営,1235026211,避難所指定,太陽光発電（10kw）,39420,0,1000,40420,-28040323,-12.76439205,-,-,5059040,677812,0,4929135,9227211,4550845,0,0,3636700,28080743,24444043,201,512,97.70992366,-,-,47742,267,2697,121612
282162,301260,兵庫県,高砂市,宝殿中学校,ホウデンチュウガッコウ,,1504a,兵庫県高砂市米田町米田1174-1,,34.775081,134.819677,,,,,,07:30,18:00,,,スロープ;トイレ;手摺,http://www.takasago.ed.jp/~hoden-t/,,学校教育系施設,学校,中学校,米田,教育部教育推進室教育総務課,第1種中高層住居専用地域,昭和23年,1948,,,30721.95,10201,直営,630430375,避難所指定,太陽光発電（10kw）,31780,0,0,31780,-27838095,-58.82887978,-,-,5110739,855100,0,4992044,9227211,4718881,0,0,2965900,27869875,24903975,201,613,96.23233909,-,-,40626,272,2441,123900
282162,301270,兵庫県,高砂市,鹿島中学校,カシマチュウガッコウ,,1504a,兵庫県高砂市阿弥陀町阿弥陀1979-3,,34.793893,134.774664,,,,,,07:30,18:00,,,スロープ;トイレ;手摺;エレベーター,http://www.takasago.ed.jp/~kasima-t/top.htm,,学校教育系施設,学校,中学校,阿弥陀,教育部教育推進室教育総務課,第1種中高層住居専用地域,昭和50年,1975,,,36207.78,9489,直営,1820002982,避難所指定,太陽光発電（10kw）,34720,0,1200,35920,-30369215,-30.68150596,-,-,4191176,1375021,0,1290526,9227211,4205921,0,0,10115280,30405135,20289855,201,377,99.21052632,-,-,53819,221,2138,100945
282162,351120,兵庫県,高砂市,荒井幼稚園,アライヨウチエン,,1501a,兵庫県高砂市荒井町東本町10-1,,34.760599,134.796607,,,,,,08:30,17:15,,,スロープ;トイレ;点字ブロック;手摺,http://www.takasago.ed.jp/~youchien/arai-yo/ass7.cgi,,就学前教育保育施設,教育・保育施設,幼稚園,荒井,教育部教育推進室教育総務課,第1種中高層住居専用地域,昭和22年,1947,,,3438.27,1149,直営,302576200,無,太陽光発電（5kw）,6543774,40102,140077,6723953,-4240933,-354.6683224,-,-,517789,416022,23052,245484,8369165,1393374,0,0,0,10964886,10964886,198,83,79.80769231,-,-,132107,120,9543,55378
282162,351130,兵庫県,高砂市,伊保幼稚園,イホヨウチエン,,1501a,兵庫県高砂市伊保4-400,,34.774109,134.791521,,,,,,08:30,17:15,,,スロープ;手摺,http://www.takasago.ed.jp/~youchien/iho-yo/ass7.cgi,,就学前教育保育施設,教育・保育施設,幼稚園,伊保,教育部教育推進室教育総務課,なし（調整区域）,平成5年,1993,,,1914,804,直営,214961000,無,無,5211667,40315,44334,5296316,-5248141,-392.2010365,-,-,934473,441158,20830,252158,7562498,1333340,0,0,0,10544457,10544457,198,75,92.59259259,-,-,140593,115,13115,53255
282162,351150,兵庫県,高砂市,曽根幼稚園,ソネヨウチエン,,1501a,兵庫県高砂市曽根町2478,,34.775603,134.774234,,,,,,08:30,17:15,,,スロープ;トイレ;手摺,http://www.takasago.ed.jp/~youchien/sone-yo/ass7.cgi,,就学前教育保育施設,教育・保育施設,幼稚園,曽根,教育部教育推進室教育総務課,第1種中高層住居専用地域,昭和46年,1971,,,2529.07,699,直営,104050000,無,無,3444687,25776,31330,3501793,-4310832,-418.2839904,-,-,433707,287530,14720,590544,5344166,1141958,0,0,0,7812625,7812625,198,53,86.8852459,-,-,147408,85,11177,39458
282162,351160,兵庫県,高砂市,米田幼稚園,ヨネダヨウチエン,,1501a,兵庫県高砂市米田町米田451,,34.777465,134.808116,,,,,,08:30,17:15,,,スロープ;手摺,http://www.takasago.ed.jp/~youchien/yoneda-yo/ass7.cgi,,就学前教育保育施設,教育・保育施設,幼稚園,米田,教育部教育推進室教育総務課,第1種中高層住居専用地域,大正14年,1925,,,3111.23,1159,直営,209827000,無,無,9326902,52250,67979,9447131,-5210299,-209.275351,-,-,780754,673080,31939,45360,11595831,1530466,0,0,0,14657430,14657430,198,115,92,-,-,127456,160,12647,74027
282162,351220,兵庫県,高砂市,荒井保育園,アライホイクエン,,1402a,兵庫県高砂市荒井町紙町2-1,,34.760322,134.799109,,,,,,,,平日8:00~18:00 土曜8:00~13:00,,無,,,就学前教育保育施設,教育・保育施設,保育所,荒井,こども未来部子育て支援室幼児保育課,第1種中高層住居専用地域,昭和41年11月,1966,11,,2500,817.6,直営,88454001,無,無,22545525,182404,55238,22783167,-4598169,-163.7765097,-,-,1812903,516007,24227,237708,17795380,6995111,0,0,0,27381336,27381336,292,74,90.24390244,-,-,370018,299,33490,93772
282162,351230,兵庫県,高砂市,梅井保育園,ウメイホイクエン,,1402a,兵庫県高砂市梅井4-3-6,,34.768048,134.78055,,,,,,,,平日8:00~18:00 土曜8:00~13:00,,無,,,就学前教育保育施設,教育・保育施設,保育所,伊保,こども未来部子育て支援室幼児保育課,第1種住居地域,昭和44年4月,1969,04,,2602.5,811.63,直営,78681900,無,無,16150636,174993,54492,16380121,-134528787,-425.3063511,-,-,2996308,10896659,33457,247784,17554902,6838350,0,48720000,63621448,150908908,38567460,292,73,89.02439024,-,-,528321,421,47519,132080
282162,351250,兵庫県,高砂市,曽根保育園,ソネホイクエン,,1402a,兵庫県高砂市曽根町2404-2,,34.775567,134.775067,,,,,,,,平日8:00~18:00 土曜8:00~13;00,,無,,,就学前教育保育施設,教育・保育施設,保育所,曽根,こども未来部子育て支援室幼児保育課,第1種中高層住居専用地域,昭和29年7月,1954,07,,2734,1081.5,直営,111168841,無,無,25956540,245893,88830,26291263,-17537106,-218.5680485,-,-,2963757,793775,48577,444852,28616895,10960513,0,0,0,43828369,43828369,292,119,112.2641509,-,-,368306,478,40526,150097
282162,351260,兵庫県,高砂市,米田保育園,ヨネダホイクエン,,1402a,兵庫県高砂市米田町米田553,,34.778495,134.809219,,,,,,,,平日8:00~18:00 土曜8:00~13:00,,無,,,就学前教育保育施設,教育・保育施設,保育所,米田,こども未来部子育て支援室幼児保育課,第1種中高層住居専用地域,昭和30年8月,1955,08,,3049.93,974.49,直営,54614600,無,無,21316795,221621,70167,21608583,-13131131,-219.7793823,-,-,2601463,639459,28221,104198,22604942,8761431,0,0,0,34739714,34739714,292,94,114.6341463,-,-,369571,379,35649,118972
282162,351310,兵庫県,高砂市,高砂こども園,タカサゴコドモエン,,1405a,兵庫県高砂市西畑1-2-8,,34.747737,134.798582,,,,,,08:30,17:15,,,スロープ;トイレ;手摺,http://www.takasago.ed.jp/~youchien/takasago-yo/ass7.cgi,,就学前教育保育施設,教育・保育施設,認定こども園,高砂,こども未来部子育て支援室幼児保育課,第1種中高層住居専用地域,明治42年,1909,,,3938.01,1496,直営,33053300,無,無,32833311,295917,2259439,35388667,-23685464,-207.5060785,-,-,2877462,2955785,47436,331078,37995541,14866829,0,0,0,59074131,59074131,292,158,113.6690647,-,-,373887,644,39488,202309
282162,351340,兵庫県,高砂市,中筋こども園,ナカスジコドモエン,,1405a,兵庫県高砂市中筋1-2-35,,34.788854,134.774128,,,,,,08:30,17:15,,,スロープ;トイレ;手摺,http://www.takasago.ed.jp/~youchien/naka-yo/ass7.cgi,,就学前教育保育施設,教育・保育施設,認定こども園,中筋,こども未来部子育て支援室幼児保育課,第1種中高層住居専用地域,昭和48年,1973,,,3461.89,712,直営,135295000,無,無,11148566,165493,1043918,12357977,-15998873,-317.3833463,-,-,2207447,1397513,21917,176243,17554902,6998828,0,0,0,28356850,28356850,292,73,112.3076923,-,-,388450,309,39827,97112
282162,351370,兵庫県,高砂市,阿弥陀こども園,アミダコドモエン,,1405a,兵庫県高砂市阿弥陀町阿弥陀1176-2,,34.796632,134.782393,,,,,,08:30,17:15,,,スロープ;手摺,http://www.takasago.ed.jp/~youchien/amida-yo/ass7.cgi,,就学前教育保育施設,教育・保育施設,認定こども園,阿弥陀,こども未来部子育て支援室幼児保育課,なし（調整区域）,昭和48年,1973,,,2670,1517,直営,82300000,無,無,24539136,343754,2044936,26927826,-27341183,-240.8708606,-,-,2815827,3434326,45593,345492,34388369,13239402,0,0,0,54269009,54269009,292,143,95.97315436,-,-,379504,592,68092,185853
282162,351380,兵庫県,高砂市,北浜こども園,キタハマコドモエン,,1405a,兵庫県高砂市北浜町北脇252-1,,34.787006,134.755844,,,,,,08:30,17:15,,,スロープ;トイレ;点字ブロック;手摺,http://www.takasago.ed.jp/~youchien/kitahama-yo/ass7.cgi,,就学前教育保育施設,教育・保育施設,認定こども園,北浜,こども未来部子育て支援室幼児保育課,第1種中高層住居専用地域,昭和52年,1977,,,2267.09,1284,直営,329999150,無,太陽光発電（1１kw）,25696941,232982,2244845,28174768,-18150236,-223.2811319,-,-,3490406,2378633,35427,969883,28376416,11074239,0,0,0,46325004,46325004,292,118,101.7241379,-,-,392585,505,92836,158647
282162,352120,兵庫県,高砂市,北部子育て支援センター,ホクブコソダテシエンセンター,,1403a,兵庫県高砂市米田町島254-7,,34.782214,134.804447,079-433-8866,,,,月火水木金,08:30,17:15,土日祝日は休館日,,スロープ;トイレ,"http://www.city.takasago.lg.jp/index.cfm/14,32795,135,766,html",,就学前教育保育施設,子育て支援施設,子育て支援センター,米田,こども未来部子育て支援室子育て支援課,第1種中高層住居専用地域,平成25年11月1日,2013,11,01,2528.17,897,直営,71588200,無,無,7360,0,0,7360,-7301445,-114.7529932,-,-,789451,709101,0,84348,5556766,169139,0,0,0,7308805,7308805,243,10299,90.2312949,-,-,710,80,8148,30077
282162,353110,兵庫県,高砂市,高砂児童学園,タカサゴジドウガクエン,,1406a,兵庫県高砂市阿弥陀町南池516,,34.786533,134.789082,,,,,,,,,,無,,,就学前教育保育施設,その他児童福祉施設,児童発達支援センター,阿弥陀,こども未来部子育て支援室幼児保育課,第1種低層住居専用地域,昭和39年12月,1964,12,,3310.55,474.07,直営,30470336,無,無,46802466,0,12780,46815246,24691557,-41.32294792,-,-,1416981,4067330,22638,277700,12393845,3945195,0,0,0,22123689,22123689,262,24,100,-,-,921820,241,46668,84442
282162,401110,兵庫県,高砂市,文化保健センター,ブンカホケンセンター,,1016a,兵庫県高砂市高砂町朝日町1-2-1,,34.755017,134.804715,,,,,,09:00,22:00,,,スロープ;トイレ;自動ドア;点字ブロック;手すり;エレベーター,http://www.takasago-klp.com/shisetsu_bunka.html,,保健・福祉施設,文化・保健施設,文化・保健施設,高砂,健康文化部くらしと文化室文化スポーツ課,第2種住居地域,昭和59年3月,1984,03,,6406.03,3927.8,指定管理,842211165,指定避難施設,無,20600,0,0,20600,-34045688,6.503049073,-,-,0,0,66288,0,0,0,34000000,0,0,34066288,34066288,359,71324,106.0154287,24,-,478,372,8673,94892
282162,401210,兵庫県,高砂市,高砂市ユーアイ福祉交流センター,タカサゴシユーアイフクシコウリュウセンター,ユーアイ帆ッとセンター,1499a,兵庫県高砂市高砂町松波町440-35,,34.7523,134.796993,078-391-0996,079-441-8948,8140001007626,国際ライフパートナー株式会社,月火水木金土日,09:00,22:00,12/29、12/30、12/31、1/1、1/2、1/3は終日利用不可。また、センターの保守に必要な日は利用不可。,市民の福祉増進を図り、高齢者、障がい者及び子育て家庭等の地域住民の交流の拠点として平成２７年に設置されました。,スロープ;トイレ;自動ドア;点字ブロック;手摺;エレベーター,http://www.takasago-yu-ai.com/,,保健・福祉施設,保健・福祉施設,福祉施設,高砂,福祉部地域福祉室障がい・地域福祉課,第1種住居地域,平成26年6月,2014,06,,5470.51,2612.71,指定管理,637155120,指定避難施設,太陽光発電（10kw）,410400,0,0,410400,-25115888,-4.929835902,-,-,0,0,66288,0,0,0,25460000,0,0,25526288,25526288,350,34867,120.6053269,31,113.9705882,732,278,9770,72932
282162,401220,兵庫県,高砂市,みのり会館,ミノリカイカン,,1499a,兵庫県高砂市米田町米田55-1,,34.7805,134.811269,,,,,,08:30,17:15,,,スロープ;トイレ;自動ドア;点字ブロック;手摺,"http://www.city.takasago.lg.jp/sp/index.cfm/15,2951,146,802,html",,保健・福祉施設,保健・福祉施設,福祉施設,米田,福祉部人権推進室,第1種住居地域,昭和53年4月,1978,04,,701,395.87,直営,57188831,指定避難施設,無,7850,0,6829000,6836850,-1230689,87.62917635,-,-,457462,606438,170146,143075,5011240,1679178,0,0,0,8067539,8067539,246,6422,99.55045729,26.7,-,1256,88,20379,32795
282162,401230,兵庫県,高砂市,中筋老人憩いの家,ナカスジロウジンイコイノイエ,,1499a,兵庫県高砂市中筋5-11-21,,34.784302,134.785366,,,,,,,,,,無,,,保健・福祉施設,保健・福祉施設,福祉施設,中筋,福祉部人権推進室,第2種低層住居専用地域,昭和50年10月17日,1975,10,17,285.32,93.57,直営,9100000,無,無,0,0,0,0,-148976,14.8436071,-,-,148976,0,0,0,0,0,0,0,0,148976,148976,-,431,-,-,-,346,2,1592,-
282162,451110,兵庫県,高砂市,市役所,シヤクショ,,1302a,兵庫県高砂市荒井町千鳥1-1-1,,34.766551,134.790513,,,,,,08:30,17:15,,,スロープ;トイレ;自動ドア;点字ブロック;手摺;エレベーター,"http://www.city.takasago.lg.jp/index.cfm/17,0,159,html",,行政系施設,庁舎等,市庁舎,荒井,企画総務部総務室総務課,近隣商業地域,昭和32年6月,1957,06,,20456.88,11218.55,直営,1566414682,無,無,3568365,0,2657818,6226183,-85671462,2.587844435,-,-,27130637,37163698,2740533,4239951,12054240,8568586,0,0,0,91897645,91897645,244,90000,98.14612868,-,-,1021,1002,8192,376630
282162,451120,兵庫県,高砂市,総合詰所,ソウゴウツメショ,,1302a,兵庫県高砂市荒井町千鳥3-2-26,,34.766768,134.793393,,,,,,08:30,17:15,,,無,,,行政系施設,庁舎等,市庁舎,荒井,企画総務部総務室総務課,第1種中高層住居専用地域,昭和60年9月,1985,09,,749.7,389.75,直営,37289480,無,無,318771,0,157267,476038,111076,-15.31582358,-,-,317467,0,0,0,0,47495,0,0,0,364962,364962,244,-,-,-,-,-,4,936,1496
282162,452110,兵庫県,高砂市,消防本部庁舎,ショウボウホンブチョウシャ,,1214a,兵庫県高砂市伊保4-553-1,,34.777401,134.791232,,,,,,00:00,23:59,24時間,,スロープ;自動ドア;点字ブロック;手摺,,,行政系施設,消防施設,消防署,伊保,消防本部総務課,なし（調整区域）,昭和57年3月,1982,03,,2038,2098.01,直営,454171448,無,無,0,0,0,0,-41926284,-0.689103042,-,-,4430044,27716796,0,1408444,8371000,0,0,0,0,41926284,41926284,365,3213,100.9425071,-,-,13049,457,19984,114867
282162,452210,兵庫県,高砂市,高砂分署,タカサゴブンショ,,1215a,兵庫県高砂市高砂町朝日町2-10-2,,34.755892,134.802112,,,,,,00:00,23:59,24時間,,スロープ;トイレ;自動ドア;点字ブロック;手摺,,,行政系施設,消防施設,分署,高砂,消防本部総務課,近隣商業地域,平成27年4月1日,2015,04,01,937.51,728.82,直営,288423720,無,無,0,0,0,0,-6634851,-8.182462829,-,-,1737091,613980,0,98280,4185500,0,0,0,0,6634851,6634851,365,136,112.3966942,-,-,48786,72,9104,18178
282162,452220,兵庫県,高砂市,(旧）高砂分署,(キュウ）タカサゴブンショ,,1215a,兵庫県高砂市高砂町南本町914,,34.744418,134.801629,,,,,,00:00,23:59,24時間,,無,,,行政系施設,消防施設,分署,高砂,消防本部総務課,近隣商業地域,昭和10年4月1日,1935,04,01,161.97,156.9,直営,610000,無,無,0,0,0,0,-117395,-77.37402735,-,-,96335,21060,0,0,0,0,0,0,0,117395,117395,104,560,77.13498623,-,-,210,1,748,1129
282162,452310,兵庫県,高砂市,高砂分団,タカサゴブンダン,,1215a,兵庫県高砂市高砂町材木町1210-1,,34.745943,134.803604,,,,,,,,,,無,,,行政系施設,消防施設,分団,高砂,消防本部総務課,近隣商業地域,昭和55年2月,1980,02,,104.19,63.94,直営,6000000,無,無,0,0,0,0,-94977,-53.95850219,-,-,61616,0,0,33361,0,0,0,0,0,94977,94977,-,543,103.6259542,-,-,175,1,1485,-
282162,452320,兵庫県,高砂市,荒井分団,アライブンダン,,1215a,兵庫県高砂市荒井町東本町11-6,,34.761721,134.796665,,,,,,,,,,無,,,行政系施設,消防施設,分団,荒井,消防本部総務課,第1種中高層住居専用地域,平成4年12月,1992,12,,258.97,100.19,直営,19570000,無,無,0,0,0,0,-92815,5.834669156,-,-,92815,0,0,0,0,0,0,0,0,92815,92815,-,510,85.5704698,-,-,182,1,926,-
282162,452330,兵庫県,高砂市,伊保分団,イホブンダン,,1215a,兵庫県高砂市伊保1-1-27,,34.772181,134.786352,,,,,,,,,,無,,,行政系施設,消防施設,分団,伊保,消防本部総務課,第1種住居地域,平成3年12月,1991,12,,119.77,84.69,直営,15707500,無,無,0,0,0,0,-138633,-52.84110954,-,-,92633,0,0,46000,0,0,0,0,0,138633,138633,-,819,144.1901408,-,-,169,2,1637,-
282162,452350,兵庫県,高砂市,曽根分団,ソネブンダン,,1215a,兵庫県高砂市曽根町2243-13,,34.778814,134.771401,,,,,,,,,,無,,,行政系施設,消防施設,分団,曽根,消防本部総務課,第2種住居地域,昭和63年11月,1988,11,,106.69,100.32,直営,11590000,無,無,0,0,0,0,-77331,13.86227945,-,-,77331,0,0,0,0,0,0,0,0,77331,77331,-,483,102.1141649,-,-,160,1,771,-
282162,452360,兵庫県,高砂市,米田分団,ヨネダブンダン,,1215a,兵庫県高砂市米田町米田927-15,,34.775004,134.811341,,,,,,,,,,無,,,行政系施設,消防施設,分団,米田,消防本部総務課,第2種住居地域,平成5年12月,1993,12,,371.34,101.76,直営,29160944,無,無,0,0,0,0,-78118,49.96445156,-,-,78118,0,0,0,0,0,0,0,0,78118,78118,-,519,100.1930502,-,-,151,1,768,-
282162,452370,兵庫県,高砂市,阿弥陀分団,アミダブンダン,,1215a,兵庫県高砂市阿弥陀町阿弥陀1172-1,,34.79385,134.7791,,,,,,,,,,無,,,行政系施設,消防施設,分団,阿弥陀,消防本部総務課,なし（調整区域）,平成7年12月,1995,12,,236.86,98.31,直営,24669425,無,無,0,0,0,0,-99874,-17.81623433,-,-,86914,0,0,12960,0,0,0,0,0,99874,99874,-,663,107.804878,-,-,151,1,1016,-
282162,452380,兵庫県,高砂市,北浜分団,キタハマブンダン,,1215a,兵庫県高砂市北浜町北脇74-3,,34.785498,134.752239,,,,,,,,,,無,,,行政系施設,消防施設,分団,北浜,消防本部総務課,第1種中高層住居専用地域,昭和55年2月,1980,02,,205.114,63.94,直営,11306000,無,無,0,0,0,0,-76636,-2.347819119,-,-,76636,0,0,0,0,0,0,0,0,76636,76636,-,481,96.2,-,-,159,1,1199,-
282162,452410,兵庫県,高砂市,消防救助訓練場,ショウボウキュウジョクンレンジョウ,,1215a,兵庫県高砂市松陽4-652,,34.776039,134.788343,,,,,,,,,,無,,,行政系施設,消防施設,その他,伊保,消防本部総務課,なし（調整区域）,平成13年3月,2001,03,,3238.73,635.15,直営,114550000,無,無,0,0,0,0,-239058,39.05002295,-,-,229338,9720,0,0,0,0,0,0,0,239058,239058,-,937,56.27627628,-,-,255,3,376,-
282162,453110,兵庫県,高砂市,企画総務部倉庫,キカクソウムブソウコ,,2204a,兵庫県高砂市高砂町浜田町2-15-2,,34.751192,134.799399,,,,,,,,,,スロープ,,,行政系施設,その他行政系施設,備蓄倉庫,高砂,企画総務部総務室総務課,第1種中高層住居専用地域,昭和57年3月,1982,03,,2249.95,931.59,直営,97540000,無,無,15500,0,0,15500,-526891,-7.850566384,-,-,87961,393597,0,0,0,60833,0,0,0,542391,542391,-,-,-,-,-,-,6,582,-
282162,453120,兵庫県,高砂市,北山備蓄倉庫,キタヤマビチクソウコ,,2204a,兵庫県高砂市阿弥陀町北山7,,34.801537,134.792528,,,,,,,,,,無,,,行政系施設,その他行政系施設,備蓄倉庫,阿弥陀,企画総務部危機管理室,なし（調整区域）,平成2年9月10日,1990,09,10,677.8,406.68,直営,9550000,無,無,0,0,0,0,0,0,-,-,0,0,0,0,0,0,0,0,0,0,0,-,-,-,-,-,-,0,0,-
282162,501110,兵庫県,高砂市,伊保崎南住宅,イホザキミナミジュウタク,,0403a,兵庫県高砂市伊保崎南26-,,34.765329,134.7799,,,,,,,,,,無,,,公営住宅,公営住宅,公営住宅,伊保,まちづくり部土木管理室管理課,第1種住居地域,平成3年10月,1991,10,,1817.27,1246.86,委託,202403000,無,無,3780190,0,0,3780190,2954530,-14.48350239,-,-,0,264272,0,174744,0,386644,0,0,0,825660,825660,365,17,113.3333333,-,-,48568,9,662,2262
282162,501115,兵庫県,高砂市,松波住宅,マツナミジュウタク,,0403a,兵庫県高砂市高砂町松波町440-25,,34.753306,134.797349,,,,,,,,,,無,,,公営住宅,公営住宅,公営住宅,高砂,まちづくり部土木管理室管理課,第1種住居地域,平成16年6月,2004,06,,11368.54,8306.38,委託,1376880002,無,無,45220590,0,0,45220590,40327123,-5.827553582,-,-,0,1994717,0,192240,0,2706510,0,0,0,4893467,4893467,365,116,99.14529915,-,-,42185,53,589,13407
282162,501122,兵庫県,高砂市,中筋住宅,ナカスジジュウタク,,0403a,兵庫県高砂市中筋5-73-4他,,34.785863,134.784257,,,,,,,,,,無,,,公営住宅,公営住宅,公営住宅,中筋,まちづくり部土木管理室管理課,第2種低層住居専用地域他,昭和30年,1955,,,8741.33,752.34,委託,116065777,無,無,887089,0,0,887089,-17256659,4.251188103,-,-,0,211583,0,326565,0,434160,0,0,17171440,18143748,972308,365,16,88.88888889,-,-,60769,11,1231,2664
282162,501127,兵庫県,高砂市,北山住宅,キタヤマジュウタク,,0403a,兵庫県高砂市阿弥陀町北山70他,,34.800618,134.792748,,,,,,,,,,無,,,公営住宅,公営住宅,公営住宅,阿弥陀,まちづくり部土木管理室管理課,なし（調整区域）,昭和37年4月,1962,04,,18879.92,3355.15,委託,198470000,無,無,1390620,0,0,1390620,-1956010,-2.770372441,-,-,0,1079073,0,76572,0,2190985,0,0,0,3346630,3346630,365,22,88,-,-,152120,36,951,9169
282162,501130,兵庫県,高砂市,天川住宅,アマカワジュウタク,,0403a,兵庫県高砂市曽根町1231他,,34.784335,134.768629,,,,,,,,,,無,,,公営住宅,公営住宅,公営住宅,曽根,まちづくり部土木管理室管理課,第1種低層住居専用地域,昭和28年,1953,,,3325.34,816.8,直営,890000,無,無,78000,0,0,78000,-80559,98.96993756,-,-,0,51158,0,0,0,107401,0,0,0,158559,158559,365,5,100,-,-,31712,2,194,434
282162,501135,兵庫県,高砂市,今市住宅,イマイチジュウタク,,0403a,兵庫県高砂市今市1-345-1他,,34.769071,134.793807,,,,,,,,,,無,,,公営住宅,公営住宅,公営住宅,伊保,まちづくり部土木管理室管理課,第1種中高層住居専用地域他,昭和29年､30年,1954;1955,,,6068.05,174.74,委託,17712000,無,無,1057119,0,0,1057119,-3227156,-33970.48142,-,-,0,52896,0,0,0,130179,0,0,4101200,4284275,183075,365,5,71.42857143,-,-,36615,2,374,502
282162,501145,兵庫県,高砂市,美保里住宅,ミホノサトジュウタク,,0403a,兵庫県高砂市美保里41-4他,,34.772662,134.804039,,,,,,,,,,無,,,公営住宅,公営住宅,公営住宅,伊保,まちづくり部土木管理室管理課,第1種中高層住居専用地域,昭和32年､昭和36年,1957;1961,,,2521.91,644.36,委託,15410000,無,無,230310,0,0,230310,-8487279,-9398.913262,-,-,0,105791,0,149040,0,260358,0,0,8202400,8717589,515189,365,8,88.88888889,-,-,64399,6,800,1411
282162,501150,兵庫県,高砂市,末広住宅,スエヒロジュウタク,,0403a,兵庫県高砂市末広町3-1他,,34.765377,134.797726,,,,,,,,,,無,,,公営住宅,公営住宅,公営住宅,荒井,まちづくり部土木管理室管理課,第1種中高層住居専用地域　他,昭和33年2月,1958,02,,2165.72,579.69,委託,33561000,無,無,308520,0,0,308520,-4992907,-5572.998422,-,-,0,116371,0,0,0,263616,0,0,4921440,5301427,379987,365,8,72.72727273,-,-,47498,4,656,1041
282162,501155,兵庫県,高砂市,阿弥陀住宅,アミダジュウタク,,0403a,兵庫県高砂市阿弥陀町阿弥陀1739他,,34.799195,134.775733,,,,,,,,,,無,,,公営住宅,公営住宅,公営住宅,阿弥陀,まちづくり部土木管理室管理課,第1種低層住居専用地域,昭和34年,1959,,,3337,268.8,直営,31750000,無,無,223180,0,0,223180,-30515,-122.3102006,-,-,0,81853,0,0,0,171842,0,0,0,253695,253695,365,6,100,-,-,42282,3,944,695
282162,501160,兵庫県,高砂市,米田新住宅,ヨネダシンジュウタク,,0403a,兵庫県高砂市米田町米田新202-1他,,34.774401,134.814119,,,,,,,,,,無,,,公営住宅,公営住宅,公営住宅,米田,まちづくり部土木管理室管理課,第1種住居地域,昭和35､36年,1960;1961,,,4054.79,463.08,委託,4170000,無,無,413866,0,0,413866,-67025,98.06835752,-,-,0,158687,0,0,0,322204,0,0,0,480891,480891,365,10,83.33333333,-,-,48089,5,599,1318
282162,501165,兵庫県,高砂市,時光寺住宅,ジコウジジュウタク,,0403a,兵庫県高砂市時光寺2736-1他,,34.792024,134.776322,,,,,,,,,,無,,,公営住宅,公営住宅,公営住宅,中筋,まちづくり部土木管理室管理課,第1種低層住居専用地域,昭和43年,1968,,,2308.67,509.76,委託,33181250,無,無,377350,0,0,377350,-4067221,-1408.284494,-,-,0,105791,0,0,0,237580,0,0,4101200,4444571,343371,365,7,87.5,-,-,49053,4,674,941
282162,501170,兵庫県,高砂市,橋向住宅,ハシムカイジュウタク,,0403a,兵庫県高砂市曽根町1728,,34.781902,134.769359,,,,,,,,,,無,,,公営住宅,公営住宅,公営住宅,曽根,まちづくり部土木管理室管理課,第1種中高層住居専用地域,昭和9年,1934,,,331.55,52,直営,3830000,無,無,21600,0,0,21600,-10112,-285.9849182,-,-,0,10232,0,0,0,21480,0,0,0,31712,31712,365,1,100,-,-,31712,0,610,87
282162,551110,兵庫県,高砂市,高砂公園管理事務所,タカサゴコウエンカンリジムショ,,1003a,兵庫県高砂市西畑2-578-58,,34.747256,134.794794,,,,,,,,,,スロープ,,,公園施設,公園施設,公園施設,高砂,まちづくり部土木管理室建設課,第1種中高層住居専用地域,昭和55年4月12日,1980,04,12,14690,77,指定管理,17978000,指定避難施設,無,0,0,0,0,0,0,-,-,0,0,0,0,0,0,0,0,0,0,0,-,-,-,-,-,-,0,0,-
282162,551120,兵庫県,高砂市,向島公園管理事務所,ムコウジマコウエンカンリジムショ,,1003a,兵庫県高砂市高砂町向島町1710,,34.735896,134.804201,,,,,,,,,,スロープ;トイレ,,,公園施設,公園施設,公園施設,高砂,まちづくり部土木管理室建設課,第2種住居地域,昭和54年11月13日,1979,11,13,52200.43,402.74,指定管理,52488929,無,無,0,0,0,0,0,0,-,-,0,0,0,0,0,0,0,0,0,0,0,-,-,-,-,-,-,0,0,-
282162,551130,兵庫県,高砂市,市ノ池公園みどりの相談所,イチノイケコウエンミドリノソウダンショ,,1003a,兵庫県高砂市阿弥陀町地徳301,,34.808366,134.775691,,,,,,,,みどりの相談所8:30~17:15 駐車場7:00~21:00,,スロープ;トイレ,,,公園施設,公園施設,公園施設,阿弥陀,まちづくり部土木管理室建設課,なし（調整区域）,平成10年4月29日,1998,04,29,84339.13,1449.69,指定管理,332297850,指定避難施設,無,0,0,0,0,-18213477,0.697059706,1618200,103.3861487,0,0,0,0,0,0,18213477,0,0,18213477,18213477,359,20852,95.61190334,-,-,873,199,12564,50734
282162,601110,兵庫県,高砂市,ごみ処理場,ゴミショリジョウ,,2004a,兵庫県高砂市梅井6-1-1,,34.757829,134.766777,,,,,,,,受付時間9:00~11:30 13:00~15:30,,スロープ;トイレ;自動ドア;エレベーター,,,処理施設,処理施設,ごみ処理場,伊保,生活環境部美化センタ−業務施設課,工業専用地域,昭和13年,1938,,,28303.39,22151.02,直営,5949615743,無,無,13989510,15318786,12143,29320439,29320439,103.6613588,-,-,0,0,0,0,0,0,0,0,0,0,0,-,-,-,-,-,-,0,0,-
282162,601120,兵庫県,高砂市,不燃焼物処理場,フネンショウブツショリジョウ,,2004a,兵庫県高砂市曽根町2934,,34.778466,134.77139,,,,,,,,受付時間9:00~11:30 13:00~15:30,,無,,,処理施設,処理施設,ごみ処理場,曽根,生活環境部美化センタ−業務施設課,工業専用地域,昭和48年11月,1973,11,,63037.5,183.51,直営,208103170,無,無,54389,0,0,54389,-54690609,-201.9548001,-,-,1675594,623160,0,4397127,45345000,2704117,0,0,0,54744998,54744998,258,-,-,-,-,-,597,298322,212190
282162,601210,兵庫県,高砂市,し尿処理場,シニョウショリジョウ,,2008a,兵庫県高砂市梅井6-1-1,,34.757829,134.766777,,,,,,08:00,16:30,,,無,,,処理施設,処理施設,し尿処理場,伊保,生活環境部美化センタ−業務施設課,工業専用地域,昭和46年3月,1971,03,,17184.37,4724.58,直営,1243206900,無,無,22223620,0,46519,22270139,-78860000,-38.80016603,-,-,13365937,50500692,0,7662457,11771000,17830053,0,0,0,101130139,101130139,258,-,-,-,-,-,1103,296022,391977
282162,601310,兵庫県,高砂市,鹿島排水機場,カシマハイスイキジョウ,,2008a,兵庫県高砂市梅井5-1,,34.768028,134.770793,,,,,,,,潮位･豪雨による,,無,,,処理施設,処理施設,その他,伊保,治水対策室治水事業課,工業専用地域,昭和46年3月,1971,03,,371,371,委託,210100000,無,無,0,0,0,0,-3801826,51.72199843,-,-,526710,2982840,0,140400,0,151876,0,0,0,3801826,3801826,-,-,-,-,-,-,41,10248,-
282162,651110,兵庫県,高砂市,高砂斎場,タカサゴサイジョウ,,2009a,兵庫県高砂市西畑4-15-22,,34.750906,134.792677,079-443-0093,,,,月火水木金土日,08:30,17:15,年始1月1日、1月2日は休場日。（1月1日、1月2日は、市役所宿直で受付のみ）,,スロープ;トイレ;自動ドア,"http://www.city.takasago.lg.jp/index.cfm/13,0,132,752,html",,その他,その他,斎場、墓苑,高砂,生活環境部環境経済室環境政策課,工業地域,昭和59年5月3日,1984,05,03,8980.61,1570.37,指定管理,497728579,無,無,2086758,0,125812,2212570,-61500958,2.745654562,1916250,100.7306752,0,0,0,5130000,0,0,58583528,0,0,63713528,63713528,363,988,109.1712707,55.3,105.3333333,64487,695,40572,175519
282162,651120,兵庫県,高砂市,高砂市公園墓地,タカサゴシコウエンボチ,,2010a,兵庫県高砂市阿弥陀町阿弥陀560,,34.805306,134.782998,079-447-1919,,,,月火水木金土日,08:30,17:15,火曜日については、管理事務所休み（墓参は可能）。年始1月1日、1月2日、1月3日は、管理事務所休み。,,無,"http://www.city.takasago.lg.jp/index.cfm/13,0,132,751,html",,その他,その他,斎場、墓苑,阿弥陀,生活環境部環境経済室環境政策課,なし（調整区域）,昭和43年6月1日,1968,06,01,101931.95,159.46,直営,7780159,無,無,26100,0,14209500,14235600,2697154,-79.7456189,-,-,634366,9884010,84913,476927,0,458230,0,0,0,11538446,11538446,363,3542,99.27130045,98.9,99.29718876,3258,126,72360,31786
282162,651310,兵庫県,高砂市,JR宝殿駅自由通路,ジェイアールホウデンエキジユウツウロ,,2010a,兵庫県高砂市米田町神爪1-15-6,,34.78615,134.808166,,,,,,00:00,23:59,24時間,,エレベーター,,,その他,その他,その他,米田,まちづくり部土木管理室建設課,近隣商業地域,昭和56年4月1日,1981,04,01,0,301.8,直営,64908000,無,無,0,0,2231828,2231828,-2336038,-7.576415544,-,-,1258381,3130505,0,152820,0,26160,0,0,0,4567866,4567866,365,-,-,-,-,-,50,15135,12515
282162,701110,兵庫県,高砂市,米田水源地,ヨネダスイゲンチ,,2001a,兵庫県高砂市米田町米田新300,,34.773651,134.817368,,,,,,00:00,23:59,24時間,,無,,,上水道施設,上水道施設,浄水処理場,米田,水道事業所浄水課,準工業地域,昭和30年,1955,,,35664.11,2639.55,直営+夜間のみ委託,325058580,無,無,0,0,0,0,-429800831,0.947880855,-,-,67371628,55461918,1991014,75948990,77168000,25499281,0,0,126360000,429800831,303440831,365,-,-,-,-,-,3309,114959,831345
282162,701220,兵庫県,高砂市,米新ﾎﾟﾝﾌﾟ場,ヨネシンポンプジョウ,,2001a,兵庫県高砂市米田町米田新83-1,,34.772101,134.813988,,,,,,00:00,23:59,24時間,,無,,,上水道施設,工業用水道施設,ポンプ場,米田,水道事業所浄水課,第1種住居地域,昭和14年3月,1939,03,,3246.6,735.9,委託,0,無,無,0,0,0,0,-74600721,74.96044393,-,-,20981038,26252940,0,26566920,0,799823,0,0,0,74600721,74600721,365,-,-,-,-,-,814,101373,204386
282162,701230,兵庫県,高砂市,古新水源地,コシンスイゲンチ,,2001a,兵庫県高砂市米田町古新18-1,,34.770599,134.81098,,,,,,00:00,23:59,24時間,,無,,,上水道施設,工業用水道施設,ポンプ場,米田,水道事業所浄水課,第1種住居地域,大正9年,1920,,,3278,88.17,委託,20600,無,無,0,0,0,0,-530829,35.53621154,-,-,0,530829,0,0,0,0,0,0,0,530829,530829,365,-,-,-,-,-,6,6021,1454
282162,701310,兵庫県,高砂市,高砂市第1上下水道庁舎,タカサゴシダイイチジョウゲスイドウチョウシャ,,2001a,兵庫県高砂市荒井町千鳥1-1-1,,34.766551,134.790513,079−443−9048,4212,1000020282162,高砂市,月火水木金,08:30,17:15,,,スロープ;トイレ;自動ドア;手摺;点字ブロック,tact5010@city.takasago.lg.jp,,上水道施設,上水道施設,庁舎,荒井,水道事業所総務課,近隣商業地域,昭和54年3月,1979,03,,0,827.297,直営,116787079,無,無,487166,0,34545,521711,-6532935,-3.552998486,-,-,2044635,1811082,617744,433080,1674200,473905,0,0,0,7054646,7054646,245,7662,87.46575342,-,-,921,77,8527,28794
282162,751110,兵庫県,高砂市,高砂浄化センター,タカサゴジョウカセンター,,2003a,兵庫県高砂市高砂町東宮町1042-1,,34.739826,134.802771,,,,,,00:00,23:59,24時間,,スロープ;トイレ;自動ドア,,,下水道施設,下水道施設,下水処理施設,高砂,下水道部下水道施設課,準工業地域,昭和39年10月,1964,10,,14200,5030.45,直営＋運転管理委託,40529415,無,無,0,0,0,0,-135916054,-14.25159464,-,-,22307553,65801182,312625,4916588,33484000,9094106,0,0,0,135916054,135916054,365,-,-,-,-,-,1482,27019,372373
282162,751120,兵庫県,高砂市,伊保浄化センター,イホジョウカセンター,,2003a,兵庫県高砂市梅井6-2-1,,34.757929,134.768271,,,,,,00:00,23:59,24時間,,無,,,下水道施設,下水道施設,下水処理施設,伊保,下水道部下水道施設課,工業専用地域,昭和59年7月,1984,07,,37621.81,4522.73,直営＋運転管理委託,194699816,無,無,0,0,0,0,-343472350,-46.01141207,-,-,32578542,85241529,872926,9802599,92081000,22895754,0,0,100000000,343472350,243472350,365,-,-,-,-,-,2655,53833,667048
282162,751210,兵庫県,高砂市,藍屋町ポンプ場,アイヤマチポンプジョウ,,2003a,兵庫県高砂市高砂町藍屋町1673-8,,34.746259,134.805873,,,,,,00:00,23:59,24時間,,無,,,下水道施設,下水道施設,ポンプ場,高砂,下水道部下水道施設課,工業地域,昭和55年4月,1980,04,,149.64,70,直営＋運転管理委託,26720035,無,無,0,0,0,0,-1456358,-88.71096483,-,-,510069,345719,0,550800,0,49770,0,0,0,1456358,1456358,365,-,-,-,-,-,16,20805,3990
282162,751215,兵庫県,高砂市,沖浜ポンプ場,オキハマポンプジョウ,,2003a,兵庫県高砂市西畑4-8-1,,34.748848,134.791519,,,,,,00:00,23:59,24時間,,無,,,下水道施設,下水道施設,ポンプ場,高砂,下水道部下水道施設課,工業地域,昭和63年7月,1988,07,,7414.03,1246.7,運転管理委託,135104000,無,無,0,0,0,0,-166672964,-344.9102883,-,-,10259407,20547075,0,516240,0,1086802,0,0,134263440,166672964,32409524,365,-,-,-,-,-,353,25996,88793
282162,751220,兵庫県,高砂市,荒井ポンプ場,アライポンプジョウ,,2003a,兵庫県高砂市荒井町千鳥1-1-1,,34.766551,134.790513,,,,,,00:00,23:59,24時間,,無,,,下水道施設,下水道施設,ポンプ場,荒井,下水道部下水道施設課,近隣商業地域,昭和47年4月,1972,04,,18952.38,3182,運転管理委託,4897155,無,無,0,0,0,0,-30737127,73.19403598,-,-,9010443,20958480,0,4320,0,763884,0,0,0,30737127,30737127,365,-,-,-,-,-,335,9660,84211
282162,751225,兵庫県,高砂市,伊保中継ポンプ場,イホチュウケイポンプジョウ,,2003a,兵庫県高砂市梅井1-1-16,,34.770029,134.78395,,,,,,00:00,23:59,24時間,,無,,,下水道施設,下水道施設,ポンプ場,伊保,下水道部下水道施設課,第1種中高層住居専用地域,昭和60年3月,1985,03,,700,405,直営＋運転管理委託,9140397,無,無,0,0,0,0,-35438029,-689.2417735,-,-,2403984,314280,0,342360,0,625405,0,0,31752000,35438029,3686029,365,-,-,-,-,-,40,9101,10099
282162,751230,兵庫県,高砂市,鹿島第２ポンプ場,カシマダイニポンプジョウ,,2003a,兵庫県高砂市曽根町字中浜,,34.78072,134.7731,,,,,,00:00,23:59,24時間,,無,,,下水道施設,下水道施設,ポンプ場,曽根,下水道部下水道施設課,工業地域,昭和58年7月,1983,07,,6150.9,1111,運転管理委託,216211041,無,無,0,0,0,0,-30284626,37.86087764,-,-,7367863,21259800,0,898560,0,758403,0,0,0,30284626,30284626,365,-,-,-,-,-,330,27259,82972
282162,751235,兵庫県,高砂市,中筋中継ポンプ場,ナカスジチュウケイポンプジョウ,,2003a,兵庫県高砂市中筋5-331-6,,34.785863,134.784257,,,,,,00:00,23:59,24時間,,無,,,下水道施設,下水道施設,ポンプ場,中筋,下水道部下水道施設課,準住居地域,平成16年3月,2004,03,,700.03,341.46,運転管理委託,118229415,無,無,0,0,0,0,-6155199,-44.67029988,-,-,1480980,3040200,0,1248480,0,385539,0,0,0,6155199,6155199,365,-,-,-,-,-,67,18026,16864
282162,751240,兵庫県,高砂市,天川ポンプ場,アマカワポンプジョウ,,2003a,兵庫県高砂市曽根町997-1,,34.785068,134.769906,,,,,,00:00,23:59,24時間,,無,,,下水道施設,下水道施設,ポンプ場,曽根,下水道部下水道施設課,第1種住居地域,平成3年9月,1991,09,,7379.08,1050.86,運転管理委託,3304283,無,無,0,0,0,0,-23631087,57.30138328,-,-,2731313,20518920,0,0,0,380854,0,0,0,23631087,23631087,365,-,-,-,-,-,258,22487,64743
282162,751245,兵庫県,高砂市,島の川ポンプ場,シマノカワポンプジョウ,,2003a,兵庫県高砂市曽根町2260-2,,34.778533,134.771976,,,,,,00:00,23:59,24時間,,無,,,下水道施設,下水道施設,ポンプ場,曽根,下水道部下水道施設課,第2種住居地域,昭和51年4月,1976,04,,415.12,132,運転管理委託,27337724,無,無,0,0,0,0,-1855438,94.01177069,-,-,1091878,190080,0,567000,0,6480,0,0,0,1855438,1855438,365,-,-,-,-,-,20,14056,5083
282162,751250,兵庫県,高砂市,天川第２ポンプ場,アマカワダイニポンプジョウ,,2003a,兵庫県高砂市曽根町1080-1,,34.786954,134.76729,,,,,,00:00,23:59,24時間,,無,,,下水道施設,下水道施設,ポンプ場,曽根,下水道部下水道施設課,第1種低層住居専用地域,平成9年9月,1997,09,,4905.51,2188.4,運転管理委託,28000000,無,無,0,0,0,0,-26567305,-4.320201503,-,-,3978074,19977840,0,2003400,0,607991,0,0,0,26567305,26567305,365,-,-,-,-,-,290,12140,72787
282162,751310,兵庫県,高砂市,高砂市第2上下水道庁舎,タカサゴシダイニジョウゲスイドウチョウシャ,,2003a,兵庫県高砂市荒井町千鳥3-2751-86,,34.766363,134.792349,079-443-9045,4242,1000020282162,高砂市,月火水木金,08:30,17:15,,,スロープ;トイレ;自動ドア;手摺;点字ブロック,tact4530@city.takasago.lg.jp,,下水道施設,下水道施設,庁舎,荒井,下水道部下水道経営課,近隣商業地域,平成7年2月,1995,02,,789.49,615.06,直営,95000000,無,無,290802,0,949720,1240522,-3298113,-1.5269462,-,-,1386688,1097172,0,19980,1674200,360595,0,0,0,4538635,4538635,245,14700,100.8230453,-,-,309,49,7379,18525
282162,801110,兵庫県,高砂市,高砂市民病院,タカサゴシミンビョウイン,,1601a,兵庫県高砂市荒井町紙町33-1,,34.758033,134.796918,,,,,,00:00,23:59,24時間,,トイレ;自動ドア;点字ブロック;手摺;エレベーター,http://www.hospital-takasago.jp/,,医療施設,医療施設,市民病院,荒井,市民病院事務局,第１種住居、近隣商業地域,昭和40年1月,1965,01,,24024.44,21198.85,直営,8169110161,無,無,9305718,4046090790,2397268,4057793776,3620149961,-12.03104298,-,-,152381244,111337861,0,31650544,33736326,0,0,0,108537840,437643815,329105975,244,184266,93.14878753,63.2,90.54441261,1786,3589,15525,1348795
282162,801120,兵庫県,高砂市,蓮池医師公舎,ハスイケイシコウシャ,,1601a,兵庫県高砂市荒井町蓮池3-8-8,,34.757036,134.797171,,,,,,,,,,無,,,医療施設,医療施設,市民病院,荒井,市民病院事務局,第１種中高層住居専用地域,平成2年3月19日,1990,03,19,1077.3,686.96,直営,163269492,無,無,882300,0,46726,929026,453684,1524.529013,-,-,35233,0,0,372600,67509,0,0,0,0,475342,475342,365,3,100,-,-,158447,5,692,1302
282162,801130,兵庫県,高砂市,紙町医師・看護師公舎,カミマチイシ・カンゴシコウシャ,,1601a,兵庫県高砂市荒井町紙町32-1,,34.757741,134.797851,,,,,,,,,,無,,,医療施設,医療施設,市民病院,荒井,市民病院事務局,第１種中高層住居専用地域,平成2年3月19日,1990,03,19,1824.6,1039.29,直営,389501280,無,無,852900,0,189846,1042746,-302734,-148.0094264,-,-,360739,0,0,766723,218018,0,0,0,0,1345480,1345480,365,14,100,-,-,96106,15,1295,3686
